"CUSTOMER_ID","FIRST_NAME","LAST_NAME","GENDER","DOB"
"C000001","Marty","McFly","M",1970-01-01 00:00:00
"C000002","Aurora","Lane","F",1970-01-02 00:00:00
"C000003","Rita","Vrataski","F",1970-01-03 00:00:00
"C000004","William","Cage","M",1970-01-04 00:00:00
"C000005","Stanley","Ipkiss","M",1970-01-05 00:00:00
"C000006","Tina","Carlyle","F",1970-01-06 00:00:00
"C000007","First 000007","Last 000007","M",1970-01-08 00:00:00
"C000008","First 000008","Last 000008","F",1970-01-09 00:00:00
"C000009","First 000009","Last 000009","M",1970-01-10 00:00:00
"C000010","First 000010","Last 000010","F",1970-01-11 00:00:00
"C000011","First 000011","Last 000011","M",1970-01-12 00:00:00
"C000012","First 000012","Last 000012","F",1970-01-13 00:00:00
"C000013","First 000013","Last 000013","M",1970-01-14 00:00:00
"C000014","First 000014","Last 000014","F",1970-01-15 00:00:00
"C000015","First 000015","Last 000015","M",1970-01-16 00:00:00
"C000016","First 000016","Last 000016","F",1970-01-17 00:00:00
"C000017","First 000017","Last 000017","M",1970-01-18 00:00:00
"C000018","First 000018","Last 000018","F",1970-01-19 00:00:00
"C000019","First 000019","Last 000019","M",1970-01-20 00:00:00
"C000020","First 000020","Last 000020","F",1970-01-21 00:00:00
"C000021","First 000021","Last 000021","M",1970-01-22 00:00:00
"C000022","First 000022","Last 000022","F",1970-01-23 00:00:00
"C000023","First 000023","Last 000023","M",1970-01-24 00:00:00
"C000024","First 000024","Last 000024","F",1970-01-25 00:00:00
"C000025","First 000025","Last 000025","M",1970-01-26 00:00:00
"C000026","First 000026","Last 000026","F",1970-01-27 00:00:00
"C000027","First 000027","Last 000027","M",1970-01-28 00:00:00
"C000028","First 000028","Last 000028","F",1970-01-29 00:00:00
"C000029","First 000029","Last 000029","M",1970-01-30 00:00:00
"C000030","First 000030","Last 000030","F",1970-01-31 00:00:00
"C000031","First 000031","Last 000031","M",1970-02-01 00:00:00
"C000032","First 000032","Last 000032","F",1970-02-02 00:00:00
"C000033","First 000033","Last 000033","M",1970-02-03 00:00:00
"C000034","First 000034","Last 000034","F",1970-02-04 00:00:00
"C000035","First 000035","Last 000035","M",1970-02-05 00:00:00
"C000036","First 000036","Last 000036","F",1970-02-06 00:00:00
"C000037","First 000037","Last 000037","M",1970-02-07 00:00:00
"C000038","First 000038","Last 000038","F",1970-02-08 00:00:00
"C000039","First 000039","Last 000039","M",1970-02-09 00:00:00
"C000040","First 000040","Last 000040","F",1970-02-10 00:00:00
"C000041","First 000041","Last 000041","M",1970-02-11 00:00:00
"C000042","First 000042","Last 000042","F",1970-02-12 00:00:00
"C000043","First 000043","Last 000043","M",1970-02-13 00:00:00
"C000044","First 000044","Last 000044","F",1970-02-14 00:00:00
"C000045","First 000045","Last 000045","M",1970-02-15 00:00:00
"C000046","First 000046","Last 000046","F",1970-02-16 00:00:00
"C000047","First 000047","Last 000047","M",1970-02-17 00:00:00
"C000048","First 000048","Last 000048","F",1970-02-18 00:00:00
"C000049","First 000049","Last 000049","M",1970-02-19 00:00:00
"C000050","First 000050","Last 000050","F",1970-02-20 00:00:00
"C000051","First 000051","Last 000051","M",1970-02-21 00:00:00
"C000052","First 000052","Last 000052","F",1970-02-22 00:00:00
"C000053","First 000053","Last 000053","M",1970-02-23 00:00:00
"C000054","First 000054","Last 000054","F",1970-02-24 00:00:00
"C000055","First 000055","Last 000055","M",1970-02-25 00:00:00
"C000056","First 000056","Last 000056","F",1970-02-26 00:00:00
"C000057","First 000057","Last 000057","M",1970-02-27 00:00:00
"C000058","First 000058","Last 000058","F",1970-02-28 00:00:00
"C000059","First 000059","Last 000059","M",1970-03-01 00:00:00
"C000060","First 000060","Last 000060","F",1970-03-02 00:00:00
"C000061","First 000061","Last 000061","M",1970-03-03 00:00:00
"C000062","First 000062","Last 000062","F",1970-03-04 00:00:00
"C000063","First 000063","Last 000063","M",1970-03-05 00:00:00
"C000064","First 000064","Last 000064","F",1970-03-06 00:00:00
"C000065","First 000065","Last 000065","M",1970-03-07 00:00:00
"C000066","First 000066","Last 000066","F",1970-03-08 00:00:00
"C000067","First 000067","Last 000067","M",1970-03-09 00:00:00
"C000068","First 000068","Last 000068","F",1970-03-10 00:00:00
"C000069","First 000069","Last 000069","M",1970-03-11 00:00:00
"C000070","First 000070","Last 000070","F",1970-03-12 00:00:00
"C000071","First 000071","Last 000071","M",1970-03-13 00:00:00
"C000072","First 000072","Last 000072","F",1970-03-14 00:00:00
"C000073","First 000073","Last 000073","M",1970-03-15 00:00:00
"C000074","First 000074","Last 000074","F",1970-03-16 00:00:00
"C000075","First 000075","Last 000075","M",1970-03-17 00:00:00
"C000076","First 000076","Last 000076","F",1970-03-18 00:00:00
"C000077","First 000077","Last 000077","M",1970-03-19 00:00:00
"C000078","First 000078","Last 000078","F",1970-03-20 00:00:00
"C000079","First 000079","Last 000079","M",1970-03-21 00:00:00
"C000080","First 000080","Last 000080","F",1970-03-22 00:00:00
"C000081","First 000081","Last 000081","M",1970-03-23 00:00:00
"C000082","First 000082","Last 000082","F",1970-03-24 00:00:00
"C000083","First 000083","Last 000083","M",1970-03-25 00:00:00
"C000084","First 000084","Last 000084","F",1970-03-26 00:00:00
"C000085","First 000085","Last 000085","M",1970-03-27 00:00:00
"C000086","First 000086","Last 000086","F",1970-03-28 00:00:00
"C000087","First 000087","Last 000087","M",1970-03-29 00:00:00
"C000088","First 000088","Last 000088","F",1970-03-30 00:00:00
"C000089","First 000089","Last 000089","M",1970-03-31 00:00:00
"C000090","First 000090","Last 000090","F",1970-04-01 00:00:00
"C000091","First 000091","Last 000091","M",1970-04-02 00:00:00
"C000092","First 000092","Last 000092","F",1970-04-03 00:00:00
"C000093","First 000093","Last 000093","M",1970-04-04 00:00:00
"C000094","First 000094","Last 000094","F",1970-04-05 00:00:00
"C000095","First 000095","Last 000095","M",1970-04-06 00:00:00
"C000096","First 000096","Last 000096","F",1970-04-07 00:00:00
"C000097","First 000097","Last 000097","M",1970-04-08 00:00:00
"C000098","First 000098","Last 000098","F",1970-04-09 00:00:00
"C000099","First 000099","Last 000099","M",1970-04-10 00:00:00
"C000100","First 000100","Last 000100","F",1970-04-11 00:00:00
"C000101","First 000101","Last 000101","M",1970-04-12 00:00:00
"C000102","First 000102","Last 000102","F",1970-04-13 00:00:00
"C000103","First 000103","Last 000103","M",1970-04-14 00:00:00
"C000104","First 000104","Last 000104","F",1970-04-15 00:00:00
"C000105","First 000105","Last 000105","M",1970-04-16 00:00:00
"C000106","First 000106","Last 000106","F",1970-04-17 00:00:00
"C000107","First 000107","Last 000107","M",1970-04-18 00:00:00
"C000108","First 000108","Last 000108","F",1970-04-19 00:00:00
"C000109","First 000109","Last 000109","M",1970-04-20 00:00:00
"C000110","First 000110","Last 000110","F",1970-04-21 00:00:00
"C000111","First 000111","Last 000111","M",1970-04-22 00:00:00
"C000112","First 000112","Last 000112","F",1970-04-23 00:00:00
"C000113","First 000113","Last 000113","M",1970-04-24 00:00:00
"C000114","First 000114","Last 000114","F",1970-04-25 00:00:00
"C000115","First 000115","Last 000115","M",1970-04-26 00:00:00
"C000116","First 000116","Last 000116","F",1970-04-27 00:00:00
"C000117","First 000117","Last 000117","M",1970-04-28 00:00:00
"C000118","First 000118","Last 000118","F",1970-04-29 00:00:00
"C000119","First 000119","Last 000119","M",1970-04-30 00:00:00
"C000120","First 000120","Last 000120","F",1970-05-01 00:00:00
"C000121","First 000121","Last 000121","M",1970-05-02 00:00:00
"C000122","First 000122","Last 000122","F",1970-05-03 00:00:00
"C000123","First 000123","Last 000123","M",1970-05-04 00:00:00
"C000124","First 000124","Last 000124","F",1970-05-05 00:00:00
"C000125","First 000125","Last 000125","M",1970-05-06 00:00:00
"C000126","First 000126","Last 000126","F",1970-05-07 00:00:00
"C000127","First 000127","Last 000127","M",1970-05-08 00:00:00
"C000128","First 000128","Last 000128","F",1970-05-09 00:00:00
"C000129","First 000129","Last 000129","M",1970-05-10 00:00:00
"C000130","First 000130","Last 000130","F",1970-05-11 00:00:00
"C000131","First 000131","Last 000131","M",1970-05-12 00:00:00
"C000132","First 000132","Last 000132","F",1970-05-13 00:00:00
"C000133","First 000133","Last 000133","M",1970-05-14 00:00:00
"C000134","First 000134","Last 000134","F",1970-05-15 00:00:00
"C000135","First 000135","Last 000135","M",1970-05-16 00:00:00
"C000136","First 000136","Last 000136","F",1970-05-17 00:00:00
"C000137","First 000137","Last 000137","M",1970-05-18 00:00:00
"C000138","First 000138","Last 000138","F",1970-05-19 00:00:00
"C000139","First 000139","Last 000139","M",1970-05-20 00:00:00
"C000140","First 000140","Last 000140","F",1970-05-21 00:00:00
"C000141","First 000141","Last 000141","M",1970-05-22 00:00:00
"C000142","First 000142","Last 000142","F",1970-05-23 00:00:00
"C000143","First 000143","Last 000143","M",1970-05-24 00:00:00
"C000144","First 000144","Last 000144","F",1970-05-25 00:00:00
"C000145","First 000145","Last 000145","M",1970-05-26 00:00:00
"C000146","First 000146","Last 000146","F",1970-05-27 00:00:00
"C000147","First 000147","Last 000147","M",1970-05-28 00:00:00
"C000148","First 000148","Last 000148","F",1970-05-29 00:00:00
"C000149","First 000149","Last 000149","M",1970-05-30 00:00:00
"C000150","First 000150","Last 000150","F",1970-05-31 00:00:00
"C000151","First 000151","Last 000151","M",1970-06-01 00:00:00
"C000152","First 000152","Last 000152","F",1970-06-02 00:00:00
"C000153","First 000153","Last 000153","M",1970-06-03 00:00:00
"C000154","First 000154","Last 000154","F",1970-06-04 00:00:00
"C000155","First 000155","Last 000155","M",1970-06-05 00:00:00
"C000156","First 000156","Last 000156","F",1970-06-06 00:00:00
"C000157","First 000157","Last 000157","M",1970-06-07 00:00:00
"C000158","First 000158","Last 000158","F",1970-06-08 00:00:00
"C000159","First 000159","Last 000159","M",1970-06-09 00:00:00
"C000160","First 000160","Last 000160","F",1970-06-10 00:00:00
"C000161","First 000161","Last 000161","M",1970-06-11 00:00:00
"C000162","First 000162","Last 000162","F",1970-06-12 00:00:00
"C000163","First 000163","Last 000163","M",1970-06-13 00:00:00
"C000164","First 000164","Last 000164","F",1970-06-14 00:00:00
"C000165","First 000165","Last 000165","M",1970-06-15 00:00:00
"C000166","First 000166","Last 000166","F",1970-06-16 00:00:00
"C000167","First 000167","Last 000167","M",1970-06-17 00:00:00
"C000168","First 000168","Last 000168","F",1970-06-18 00:00:00
"C000169","First 000169","Last 000169","M",1970-06-19 00:00:00
"C000170","First 000170","Last 000170","F",1970-06-20 00:00:00
"C000171","First 000171","Last 000171","M",1970-06-21 00:00:00
"C000172","First 000172","Last 000172","F",1970-06-22 00:00:00
"C000173","First 000173","Last 000173","M",1970-06-23 00:00:00
"C000174","First 000174","Last 000174","F",1970-06-24 00:00:00
"C000175","First 000175","Last 000175","M",1970-06-25 00:00:00
"C000176","First 000176","Last 000176","F",1970-06-26 00:00:00
"C000177","First 000177","Last 000177","M",1970-06-27 00:00:00
"C000178","First 000178","Last 000178","F",1970-06-28 00:00:00
"C000179","First 000179","Last 000179","M",1970-06-29 00:00:00
"C000180","First 000180","Last 000180","F",1970-06-30 00:00:00
"C000181","First 000181","Last 000181","M",1970-07-01 00:00:00
"C000182","First 000182","Last 000182","F",1970-07-02 00:00:00
"C000183","First 000183","Last 000183","M",1970-07-03 00:00:00
"C000184","First 000184","Last 000184","F",1970-07-04 00:00:00
"C000185","First 000185","Last 000185","M",1970-07-05 00:00:00
"C000186","First 000186","Last 000186","F",1970-07-06 00:00:00
"C000187","First 000187","Last 000187","M",1970-07-07 00:00:00
"C000188","First 000188","Last 000188","F",1970-07-08 00:00:00
"C000189","First 000189","Last 000189","M",1970-07-09 00:00:00
"C000190","First 000190","Last 000190","F",1970-07-10 00:00:00
"C000191","First 000191","Last 000191","M",1970-07-11 00:00:00
"C000192","First 000192","Last 000192","F",1970-07-12 00:00:00
"C000193","First 000193","Last 000193","M",1970-07-13 00:00:00
"C000194","First 000194","Last 000194","F",1970-07-14 00:00:00
"C000195","First 000195","Last 000195","M",1970-07-15 00:00:00
"C000196","First 000196","Last 000196","F",1970-07-16 00:00:00
"C000197","First 000197","Last 000197","M",1970-07-17 00:00:00
"C000198","First 000198","Last 000198","F",1970-07-18 00:00:00
"C000199","First 000199","Last 000199","M",1970-07-19 00:00:00
"C000200","First 000200","Last 000200","F",1970-07-20 00:00:00
"C000201","First 000201","Last 000201","M",1970-07-21 00:00:00
"C000202","First 000202","Last 000202","F",1970-07-22 00:00:00
"C000203","First 000203","Last 000203","M",1970-07-23 00:00:00
"C000204","First 000204","Last 000204","F",1970-07-24 00:00:00
"C000205","First 000205","Last 000205","M",1970-07-25 00:00:00
"C000206","First 000206","Last 000206","F",1970-07-26 00:00:00
"C000207","First 000207","Last 000207","M",1970-07-27 00:00:00
"C000208","First 000208","Last 000208","F",1970-07-28 00:00:00
"C000209","First 000209","Last 000209","M",1970-07-29 00:00:00
"C000210","First 000210","Last 000210","F",1970-07-30 00:00:00
"C000211","First 000211","Last 000211","M",1970-07-31 00:00:00
"C000212","First 000212","Last 000212","F",1970-08-01 00:00:00
"C000213","First 000213","Last 000213","M",1970-08-02 00:00:00
"C000214","First 000214","Last 000214","F",1970-08-03 00:00:00
"C000215","First 000215","Last 000215","M",1970-08-04 00:00:00
"C000216","First 000216","Last 000216","F",1970-08-05 00:00:00
"C000217","First 000217","Last 000217","M",1970-08-06 00:00:00
"C000218","First 000218","Last 000218","F",1970-08-07 00:00:00
"C000219","First 000219","Last 000219","M",1970-08-08 00:00:00
"C000220","First 000220","Last 000220","F",1970-08-09 00:00:00
"C000221","First 000221","Last 000221","M",1970-08-10 00:00:00
"C000222","First 000222","Last 000222","F",1970-08-11 00:00:00
"C000223","First 000223","Last 000223","M",1970-08-12 00:00:00
"C000224","First 000224","Last 000224","F",1970-08-13 00:00:00
"C000225","First 000225","Last 000225","M",1970-08-14 00:00:00
"C000226","First 000226","Last 000226","F",1970-08-15 00:00:00
"C000227","First 000227","Last 000227","M",1970-08-16 00:00:00
"C000228","First 000228","Last 000228","F",1970-08-17 00:00:00
"C000229","First 000229","Last 000229","M",1970-08-18 00:00:00
"C000230","First 000230","Last 000230","F",1970-08-19 00:00:00
"C000231","First 000231","Last 000231","M",1970-08-20 00:00:00
"C000232","First 000232","Last 000232","F",1970-08-21 00:00:00
"C000233","First 000233","Last 000233","M",1970-08-22 00:00:00
"C000234","First 000234","Last 000234","F",1970-08-23 00:00:00
"C000235","First 000235","Last 000235","M",1970-08-24 00:00:00
"C000236","First 000236","Last 000236","F",1970-08-25 00:00:00
"C000237","First 000237","Last 000237","M",1970-08-26 00:00:00
"C000238","First 000238","Last 000238","F",1970-08-27 00:00:00
"C000239","First 000239","Last 000239","M",1970-08-28 00:00:00
"C000240","First 000240","Last 000240","F",1970-08-29 00:00:00
"C000241","First 000241","Last 000241","M",1970-08-30 00:00:00
"C000242","First 000242","Last 000242","F",1970-08-31 00:00:00
"C000243","First 000243","Last 000243","M",1970-09-01 00:00:00
"C000244","First 000244","Last 000244","F",1970-09-02 00:00:00
"C000245","First 000245","Last 000245","M",1970-09-03 00:00:00
"C000246","First 000246","Last 000246","F",1970-09-04 00:00:00
"C000247","First 000247","Last 000247","M",1970-09-05 00:00:00
"C000248","First 000248","Last 000248","F",1970-09-06 00:00:00
"C000249","First 000249","Last 000249","M",1970-09-07 00:00:00
"C000250","First 000250","Last 000250","F",1970-09-08 00:00:00
"C000251","First 000251","Last 000251","M",1970-09-09 00:00:00
"C000252","First 000252","Last 000252","F",1970-09-10 00:00:00
"C000253","First 000253","Last 000253","M",1970-09-11 00:00:00
"C000254","First 000254","Last 000254","F",1970-09-12 00:00:00
"C000255","First 000255","Last 000255","M",1970-09-13 00:00:00
"C000256","First 000256","Last 000256","F",1970-09-14 00:00:00
"C000257","First 000257","Last 000257","M",1970-09-15 00:00:00
"C000258","First 000258","Last 000258","F",1970-09-16 00:00:00
"C000259","First 000259","Last 000259","M",1970-09-17 00:00:00
"C000260","First 000260","Last 000260","F",1970-09-18 00:00:00
"C000261","First 000261","Last 000261","M",1970-09-19 00:00:00
"C000262","First 000262","Last 000262","F",1970-09-20 00:00:00
"C000263","First 000263","Last 000263","M",1970-09-21 00:00:00
"C000264","First 000264","Last 000264","F",1970-09-22 00:00:00
"C000265","First 000265","Last 000265","M",1970-09-23 00:00:00
"C000266","First 000266","Last 000266","F",1970-09-24 00:00:00
"C000267","First 000267","Last 000267","M",1970-09-25 00:00:00
"C000268","First 000268","Last 000268","F",1970-09-26 00:00:00
"C000269","First 000269","Last 000269","M",1970-09-27 00:00:00
"C000270","First 000270","Last 000270","F",1970-09-28 00:00:00
"C000271","First 000271","Last 000271","M",1970-09-29 00:00:00
"C000272","First 000272","Last 000272","F",1970-09-30 00:00:00
"C000273","First 000273","Last 000273","M",1970-10-01 00:00:00
"C000274","First 000274","Last 000274","F",1970-10-02 00:00:00
"C000275","First 000275","Last 000275","M",1970-10-03 00:00:00
"C000276","First 000276","Last 000276","F",1970-10-04 00:00:00
"C000277","First 000277","Last 000277","M",1970-10-05 00:00:00
"C000278","First 000278","Last 000278","F",1970-10-06 00:00:00
"C000279","First 000279","Last 000279","M",1970-10-07 00:00:00
"C000280","First 000280","Last 000280","F",1970-10-08 00:00:00
"C000281","First 000281","Last 000281","M",1970-10-09 00:00:00
"C000282","First 000282","Last 000282","F",1970-10-10 00:00:00
"C000283","First 000283","Last 000283","M",1970-10-11 00:00:00
"C000284","First 000284","Last 000284","F",1970-10-12 00:00:00
"C000285","First 000285","Last 000285","M",1970-10-13 00:00:00
"C000286","First 000286","Last 000286","F",1970-10-14 00:00:00
"C000287","First 000287","Last 000287","M",1970-10-15 00:00:00
"C000288","First 000288","Last 000288","F",1970-10-16 00:00:00
"C000289","First 000289","Last 000289","M",1970-10-17 00:00:00
"C000290","First 000290","Last 000290","F",1970-10-18 00:00:00
"C000291","First 000291","Last 000291","M",1970-10-19 00:00:00
"C000292","First 000292","Last 000292","F",1970-10-20 00:00:00
"C000293","First 000293","Last 000293","M",1970-10-21 00:00:00
"C000294","First 000294","Last 000294","F",1970-10-22 00:00:00
"C000295","First 000295","Last 000295","M",1970-10-23 00:00:00
"C000296","First 000296","Last 000296","F",1970-10-24 00:00:00
"C000297","First 000297","Last 000297","M",1970-10-25 00:00:00
"C000298","First 000298","Last 000298","F",1970-10-26 00:00:00
"C000299","First 000299","Last 000299","M",1970-10-27 00:00:00
"C000300","First 000300","Last 000300","F",1970-10-28 00:00:00
"C000301","First 000301","Last 000301","M",1970-10-29 00:00:00
"C000302","First 000302","Last 000302","F",1970-10-30 00:00:00
"C000303","First 000303","Last 000303","M",1970-10-31 00:00:00
"C000304","First 000304","Last 000304","F",1970-11-01 00:00:00
"C000305","First 000305","Last 000305","M",1970-11-02 00:00:00
"C000306","First 000306","Last 000306","F",1970-11-03 00:00:00
"C000307","First 000307","Last 000307","M",1970-11-04 00:00:00
"C000308","First 000308","Last 000308","F",1970-11-05 00:00:00
"C000309","First 000309","Last 000309","M",1970-11-06 00:00:00
"C000310","First 000310","Last 000310","F",1970-11-07 00:00:00
"C000311","First 000311","Last 000311","M",1970-11-08 00:00:00
"C000312","First 000312","Last 000312","F",1970-11-09 00:00:00
"C000313","First 000313","Last 000313","M",1970-11-10 00:00:00
"C000314","First 000314","Last 000314","F",1970-11-11 00:00:00
"C000315","First 000315","Last 000315","M",1970-11-12 00:00:00
"C000316","First 000316","Last 000316","F",1970-11-13 00:00:00
"C000317","First 000317","Last 000317","M",1970-11-14 00:00:00
"C000318","First 000318","Last 000318","F",1970-11-15 00:00:00
"C000319","First 000319","Last 000319","M",1970-11-16 00:00:00
"C000320","First 000320","Last 000320","F",1970-11-17 00:00:00
"C000321","First 000321","Last 000321","M",1970-11-18 00:00:00
"C000322","First 000322","Last 000322","F",1970-11-19 00:00:00
"C000323","First 000323","Last 000323","M",1970-11-20 00:00:00
"C000324","First 000324","Last 000324","F",1970-11-21 00:00:00
"C000325","First 000325","Last 000325","M",1970-11-22 00:00:00
"C000326","First 000326","Last 000326","F",1970-11-23 00:00:00
"C000327","First 000327","Last 000327","M",1970-11-24 00:00:00
"C000328","First 000328","Last 000328","F",1970-11-25 00:00:00
"C000329","First 000329","Last 000329","M",1970-11-26 00:00:00
"C000330","First 000330","Last 000330","F",1970-11-27 00:00:00
"C000331","First 000331","Last 000331","M",1970-11-28 00:00:00
"C000332","First 000332","Last 000332","F",1970-11-29 00:00:00
"C000333","First 000333","Last 000333","M",1970-11-30 00:00:00
"C000334","First 000334","Last 000334","F",1970-12-01 00:00:00
"C000335","First 000335","Last 000335","M",1970-12-02 00:00:00
"C000336","First 000336","Last 000336","F",1970-12-03 00:00:00
"C000337","First 000337","Last 000337","M",1970-12-04 00:00:00
"C000338","First 000338","Last 000338","F",1970-12-05 00:00:00
"C000339","First 000339","Last 000339","M",1970-12-06 00:00:00
"C000340","First 000340","Last 000340","F",1970-12-07 00:00:00
"C000341","First 000341","Last 000341","M",1970-12-08 00:00:00
"C000342","First 000342","Last 000342","F",1970-12-09 00:00:00
"C000343","First 000343","Last 000343","M",1970-12-10 00:00:00
"C000344","First 000344","Last 000344","F",1970-12-11 00:00:00
"C000345","First 000345","Last 000345","M",1970-12-12 00:00:00
"C000346","First 000346","Last 000346","F",1970-12-13 00:00:00
"C000347","First 000347","Last 000347","M",1970-12-14 00:00:00
"C000348","First 000348","Last 000348","F",1970-12-15 00:00:00
"C000349","First 000349","Last 000349","M",1970-12-16 00:00:00
"C000350","First 000350","Last 000350","F",1970-12-17 00:00:00
"C000351","First 000351","Last 000351","M",1970-12-18 00:00:00
"C000352","First 000352","Last 000352","F",1970-12-19 00:00:00
"C000353","First 000353","Last 000353","M",1970-12-20 00:00:00
"C000354","First 000354","Last 000354","F",1970-12-21 00:00:00
"C000355","First 000355","Last 000355","M",1970-12-22 00:00:00
"C000356","First 000356","Last 000356","F",1970-12-23 00:00:00
"C000357","First 000357","Last 000357","M",1970-12-24 00:00:00
"C000358","First 000358","Last 000358","F",1970-12-25 00:00:00
"C000359","First 000359","Last 000359","M",1970-12-26 00:00:00
"C000360","First 000360","Last 000360","F",1970-12-27 00:00:00
"C000361","First 000361","Last 000361","M",1970-12-28 00:00:00
"C000362","First 000362","Last 000362","F",1970-12-29 00:00:00
"C000363","First 000363","Last 000363","M",1970-12-30 00:00:00
"C000364","First 000364","Last 000364","F",1970-12-31 00:00:00
"C000365","First 000365","Last 000365","M",1971-01-01 00:00:00
"C000366","First 000366","Last 000366","F",1971-01-02 00:00:00
"C000367","First 000367","Last 000367","M",1971-01-03 00:00:00
"C000368","First 000368","Last 000368","F",1971-01-04 00:00:00
"C000369","First 000369","Last 000369","M",1971-01-05 00:00:00
"C000370","First 000370","Last 000370","F",1971-01-06 00:00:00
"C000371","First 000371","Last 000371","M",1971-01-07 00:00:00
"C000372","First 000372","Last 000372","F",1971-01-08 00:00:00
"C000373","First 000373","Last 000373","M",1971-01-09 00:00:00
"C000374","First 000374","Last 000374","F",1971-01-10 00:00:00
"C000375","First 000375","Last 000375","M",1971-01-11 00:00:00
"C000376","First 000376","Last 000376","F",1971-01-12 00:00:00
"C000377","First 000377","Last 000377","M",1971-01-13 00:00:00
"C000378","First 000378","Last 000378","F",1971-01-14 00:00:00
"C000379","First 000379","Last 000379","M",1971-01-15 00:00:00
"C000380","First 000380","Last 000380","F",1971-01-16 00:00:00
"C000381","First 000381","Last 000381","M",1971-01-17 00:00:00
"C000382","First 000382","Last 000382","F",1971-01-18 00:00:00
"C000383","First 000383","Last 000383","M",1971-01-19 00:00:00
"C000384","First 000384","Last 000384","F",1971-01-20 00:00:00
"C000385","First 000385","Last 000385","M",1971-01-21 00:00:00
"C000386","First 000386","Last 000386","F",1971-01-22 00:00:00
"C000387","First 000387","Last 000387","M",1971-01-23 00:00:00
"C000388","First 000388","Last 000388","F",1971-01-24 00:00:00
"C000389","First 000389","Last 000389","M",1971-01-25 00:00:00
"C000390","First 000390","Last 000390","F",1971-01-26 00:00:00
"C000391","First 000391","Last 000391","M",1971-01-27 00:00:00
"C000392","First 000392","Last 000392","F",1971-01-28 00:00:00
"C000393","First 000393","Last 000393","M",1971-01-29 00:00:00
"C000394","First 000394","Last 000394","F",1971-01-30 00:00:00
"C000395","First 000395","Last 000395","M",1971-01-31 00:00:00
"C000396","First 000396","Last 000396","F",1971-02-01 00:00:00
"C000397","First 000397","Last 000397","M",1971-02-02 00:00:00
"C000398","First 000398","Last 000398","F",1971-02-03 00:00:00
"C000399","First 000399","Last 000399","M",1971-02-04 00:00:00
"C000400","First 000400","Last 000400","F",1971-02-05 00:00:00
"C000401","First 000401","Last 000401","M",1971-02-06 00:00:00
"C000402","First 000402","Last 000402","F",1971-02-07 00:00:00
"C000403","First 000403","Last 000403","M",1971-02-08 00:00:00
"C000404","First 000404","Last 000404","F",1971-02-09 00:00:00
"C000405","First 000405","Last 000405","M",1971-02-10 00:00:00
"C000406","First 000406","Last 000406","F",1971-02-11 00:00:00
"C000407","First 000407","Last 000407","M",1971-02-12 00:00:00
"C000408","First 000408","Last 000408","F",1971-02-13 00:00:00
"C000409","First 000409","Last 000409","M",1971-02-14 00:00:00
"C000410","First 000410","Last 000410","F",1971-02-15 00:00:00
"C000411","First 000411","Last 000411","M",1971-02-16 00:00:00
"C000412","First 000412","Last 000412","F",1971-02-17 00:00:00
"C000413","First 000413","Last 000413","M",1971-02-18 00:00:00
"C000414","First 000414","Last 000414","F",1971-02-19 00:00:00
"C000415","First 000415","Last 000415","M",1971-02-20 00:00:00
"C000416","First 000416","Last 000416","F",1971-02-21 00:00:00
"C000417","First 000417","Last 000417","M",1971-02-22 00:00:00
"C000418","First 000418","Last 000418","F",1971-02-23 00:00:00
"C000419","First 000419","Last 000419","M",1971-02-24 00:00:00
"C000420","First 000420","Last 000420","F",1971-02-25 00:00:00
"C000421","First 000421","Last 000421","M",1971-02-26 00:00:00
"C000422","First 000422","Last 000422","F",1971-02-27 00:00:00
"C000423","First 000423","Last 000423","M",1971-02-28 00:00:00
"C000424","First 000424","Last 000424","F",1971-03-01 00:00:00
"C000425","First 000425","Last 000425","M",1971-03-02 00:00:00
"C000426","First 000426","Last 000426","F",1971-03-03 00:00:00
"C000427","First 000427","Last 000427","M",1971-03-04 00:00:00
"C000428","First 000428","Last 000428","F",1971-03-05 00:00:00
"C000429","First 000429","Last 000429","M",1971-03-06 00:00:00
"C000430","First 000430","Last 000430","F",1971-03-07 00:00:00
"C000431","First 000431","Last 000431","M",1971-03-08 00:00:00
"C000432","First 000432","Last 000432","F",1971-03-09 00:00:00
"C000433","First 000433","Last 000433","M",1971-03-10 00:00:00
"C000434","First 000434","Last 000434","F",1971-03-11 00:00:00
"C000435","First 000435","Last 000435","M",1971-03-12 00:00:00
"C000436","First 000436","Last 000436","F",1971-03-13 00:00:00
"C000437","First 000437","Last 000437","M",1971-03-14 00:00:00
"C000438","First 000438","Last 000438","F",1971-03-15 00:00:00
"C000439","First 000439","Last 000439","M",1971-03-16 00:00:00
"C000440","First 000440","Last 000440","F",1971-03-17 00:00:00
"C000441","First 000441","Last 000441","M",1971-03-18 00:00:00
"C000442","First 000442","Last 000442","F",1971-03-19 00:00:00
"C000443","First 000443","Last 000443","M",1971-03-20 00:00:00
"C000444","First 000444","Last 000444","F",1971-03-21 00:00:00
"C000445","First 000445","Last 000445","M",1971-03-22 00:00:00
"C000446","First 000446","Last 000446","F",1971-03-23 00:00:00
"C000447","First 000447","Last 000447","M",1971-03-24 00:00:00
"C000448","First 000448","Last 000448","F",1971-03-25 00:00:00
"C000449","First 000449","Last 000449","M",1971-03-26 00:00:00
"C000450","First 000450","Last 000450","F",1971-03-27 00:00:00
"C000451","First 000451","Last 000451","M",1971-03-28 00:00:00
"C000452","First 000452","Last 000452","F",1971-03-29 00:00:00
"C000453","First 000453","Last 000453","M",1971-03-30 00:00:00
"C000454","First 000454","Last 000454","F",1971-03-31 00:00:00
"C000455","First 000455","Last 000455","M",1971-04-01 00:00:00
"C000456","First 000456","Last 000456","F",1971-04-02 00:00:00
"C000457","First 000457","Last 000457","M",1971-04-03 00:00:00
"C000458","First 000458","Last 000458","F",1971-04-04 00:00:00
"C000459","First 000459","Last 000459","M",1971-04-05 00:00:00
"C000460","First 000460","Last 000460","F",1971-04-06 00:00:00
"C000461","First 000461","Last 000461","M",1971-04-07 00:00:00
"C000462","First 000462","Last 000462","F",1971-04-08 00:00:00
"C000463","First 000463","Last 000463","M",1971-04-09 00:00:00
"C000464","First 000464","Last 000464","F",1971-04-10 00:00:00
"C000465","First 000465","Last 000465","M",1971-04-11 00:00:00
"C000466","First 000466","Last 000466","F",1971-04-12 00:00:00
"C000467","First 000467","Last 000467","M",1971-04-13 00:00:00
"C000468","First 000468","Last 000468","F",1971-04-14 00:00:00
"C000469","First 000469","Last 000469","M",1971-04-15 00:00:00
"C000470","First 000470","Last 000470","F",1971-04-16 00:00:00
"C000471","First 000471","Last 000471","M",1971-04-17 00:00:00
"C000472","First 000472","Last 000472","F",1971-04-18 00:00:00
"C000473","First 000473","Last 000473","M",1971-04-19 00:00:00
"C000474","First 000474","Last 000474","F",1971-04-20 00:00:00
"C000475","First 000475","Last 000475","M",1971-04-21 00:00:00
"C000476","First 000476","Last 000476","F",1971-04-22 00:00:00
"C000477","First 000477","Last 000477","M",1971-04-23 00:00:00
"C000478","First 000478","Last 000478","F",1971-04-24 00:00:00
"C000479","First 000479","Last 000479","M",1971-04-25 00:00:00
"C000480","First 000480","Last 000480","F",1971-04-26 00:00:00
"C000481","First 000481","Last 000481","M",1971-04-27 00:00:00
"C000482","First 000482","Last 000482","F",1971-04-28 00:00:00
"C000483","First 000483","Last 000483","M",1971-04-29 00:00:00
"C000484","First 000484","Last 000484","F",1971-04-30 00:00:00
"C000485","First 000485","Last 000485","M",1971-05-01 00:00:00
"C000486","First 000486","Last 000486","F",1971-05-02 00:00:00
"C000487","First 000487","Last 000487","M",1971-05-03 00:00:00
"C000488","First 000488","Last 000488","F",1971-05-04 00:00:00
"C000489","First 000489","Last 000489","M",1971-05-05 00:00:00
"C000490","First 000490","Last 000490","F",1971-05-06 00:00:00
"C000491","First 000491","Last 000491","M",1971-05-07 00:00:00
"C000492","First 000492","Last 000492","F",1971-05-08 00:00:00
"C000493","First 000493","Last 000493","M",1971-05-09 00:00:00
"C000494","First 000494","Last 000494","F",1971-05-10 00:00:00
"C000495","First 000495","Last 000495","M",1971-05-11 00:00:00
"C000496","First 000496","Last 000496","F",1971-05-12 00:00:00
"C000497","First 000497","Last 000497","M",1971-05-13 00:00:00
"C000498","First 000498","Last 000498","F",1971-05-14 00:00:00
"C000499","First 000499","Last 000499","M",1971-05-15 00:00:00
"C000500","First 000500","Last 000500","F",1971-05-16 00:00:00
"C000501","First 000501","Last 000501","M",1971-05-17 00:00:00
"C000502","First 000502","Last 000502","F",1971-05-18 00:00:00
"C000503","First 000503","Last 000503","M",1971-05-19 00:00:00
"C000504","First 000504","Last 000504","F",1971-05-20 00:00:00
"C000505","First 000505","Last 000505","M",1971-05-21 00:00:00
"C000506","First 000506","Last 000506","F",1971-05-22 00:00:00
"C000507","First 000507","Last 000507","M",1971-05-23 00:00:00
"C000508","First 000508","Last 000508","F",1971-05-24 00:00:00
"C000509","First 000509","Last 000509","M",1971-05-25 00:00:00
"C000510","First 000510","Last 000510","F",1971-05-26 00:00:00
"C000511","First 000511","Last 000511","M",1971-05-27 00:00:00
"C000512","First 000512","Last 000512","F",1971-05-28 00:00:00
"C000513","First 000513","Last 000513","M",1971-05-29 00:00:00
"C000514","First 000514","Last 000514","F",1971-05-30 00:00:00
"C000515","First 000515","Last 000515","M",1971-05-31 00:00:00
"C000516","First 000516","Last 000516","F",1971-06-01 00:00:00
"C000517","First 000517","Last 000517","M",1971-06-02 00:00:00
"C000518","First 000518","Last 000518","F",1971-06-03 00:00:00
"C000519","First 000519","Last 000519","M",1971-06-04 00:00:00
"C000520","First 000520","Last 000520","F",1971-06-05 00:00:00
"C000521","First 000521","Last 000521","M",1971-06-06 00:00:00
"C000522","First 000522","Last 000522","F",1971-06-07 00:00:00
"C000523","First 000523","Last 000523","M",1971-06-08 00:00:00
"C000524","First 000524","Last 000524","F",1971-06-09 00:00:00
"C000525","First 000525","Last 000525","M",1971-06-10 00:00:00
"C000526","First 000526","Last 000526","F",1971-06-11 00:00:00
"C000527","First 000527","Last 000527","M",1971-06-12 00:00:00
"C000528","First 000528","Last 000528","F",1971-06-13 00:00:00
"C000529","First 000529","Last 000529","M",1971-06-14 00:00:00
"C000530","First 000530","Last 000530","F",1971-06-15 00:00:00
"C000531","First 000531","Last 000531","M",1971-06-16 00:00:00
"C000532","First 000532","Last 000532","F",1971-06-17 00:00:00
"C000533","First 000533","Last 000533","M",1971-06-18 00:00:00
"C000534","First 000534","Last 000534","F",1971-06-19 00:00:00
"C000535","First 000535","Last 000535","M",1971-06-20 00:00:00
"C000536","First 000536","Last 000536","F",1971-06-21 00:00:00
"C000537","First 000537","Last 000537","M",1971-06-22 00:00:00
"C000538","First 000538","Last 000538","F",1971-06-23 00:00:00
"C000539","First 000539","Last 000539","M",1971-06-24 00:00:00
"C000540","First 000540","Last 000540","F",1971-06-25 00:00:00
"C000541","First 000541","Last 000541","M",1971-06-26 00:00:00
"C000542","First 000542","Last 000542","F",1971-06-27 00:00:00
"C000543","First 000543","Last 000543","M",1971-06-28 00:00:00
"C000544","First 000544","Last 000544","F",1971-06-29 00:00:00
"C000545","First 000545","Last 000545","M",1971-06-30 00:00:00
"C000546","First 000546","Last 000546","F",1971-07-01 00:00:00
"C000547","First 000547","Last 000547","M",1971-07-02 00:00:00
"C000548","First 000548","Last 000548","F",1971-07-03 00:00:00
"C000549","First 000549","Last 000549","M",1971-07-04 00:00:00
"C000550","First 000550","Last 000550","F",1971-07-05 00:00:00
"C000551","First 000551","Last 000551","M",1971-07-06 00:00:00
"C000552","First 000552","Last 000552","F",1971-07-07 00:00:00
"C000553","First 000553","Last 000553","M",1971-07-08 00:00:00
"C000554","First 000554","Last 000554","F",1971-07-09 00:00:00
"C000555","First 000555","Last 000555","M",1971-07-10 00:00:00
"C000556","First 000556","Last 000556","F",1971-07-11 00:00:00
"C000557","First 000557","Last 000557","M",1971-07-12 00:00:00
"C000558","First 000558","Last 000558","F",1971-07-13 00:00:00
"C000559","First 000559","Last 000559","M",1971-07-14 00:00:00
"C000560","First 000560","Last 000560","F",1971-07-15 00:00:00
"C000561","First 000561","Last 000561","M",1971-07-16 00:00:00
"C000562","First 000562","Last 000562","F",1971-07-17 00:00:00
"C000563","First 000563","Last 000563","M",1971-07-18 00:00:00
"C000564","First 000564","Last 000564","F",1971-07-19 00:00:00
"C000565","First 000565","Last 000565","M",1971-07-20 00:00:00
"C000566","First 000566","Last 000566","F",1971-07-21 00:00:00
"C000567","First 000567","Last 000567","M",1971-07-22 00:00:00
"C000568","First 000568","Last 000568","F",1971-07-23 00:00:00
"C000569","First 000569","Last 000569","M",1971-07-24 00:00:00
"C000570","First 000570","Last 000570","F",1971-07-25 00:00:00
"C000571","First 000571","Last 000571","M",1971-07-26 00:00:00
"C000572","First 000572","Last 000572","F",1971-07-27 00:00:00
"C000573","First 000573","Last 000573","M",1971-07-28 00:00:00
"C000574","First 000574","Last 000574","F",1971-07-29 00:00:00
"C000575","First 000575","Last 000575","M",1971-07-30 00:00:00
"C000576","First 000576","Last 000576","F",1971-07-31 00:00:00
"C000577","First 000577","Last 000577","M",1971-08-01 00:00:00
"C000578","First 000578","Last 000578","F",1971-08-02 00:00:00
"C000579","First 000579","Last 000579","M",1971-08-03 00:00:00
"C000580","First 000580","Last 000580","F",1971-08-04 00:00:00
"C000581","First 000581","Last 000581","M",1971-08-05 00:00:00
"C000582","First 000582","Last 000582","F",1971-08-06 00:00:00
"C000583","First 000583","Last 000583","M",1971-08-07 00:00:00
"C000584","First 000584","Last 000584","F",1971-08-08 00:00:00
"C000585","First 000585","Last 000585","M",1971-08-09 00:00:00
"C000586","First 000586","Last 000586","F",1971-08-10 00:00:00
"C000587","First 000587","Last 000587","M",1971-08-11 00:00:00
"C000588","First 000588","Last 000588","F",1971-08-12 00:00:00
"C000589","First 000589","Last 000589","M",1971-08-13 00:00:00
"C000590","First 000590","Last 000590","F",1971-08-14 00:00:00
"C000591","First 000591","Last 000591","M",1971-08-15 00:00:00
"C000592","First 000592","Last 000592","F",1971-08-16 00:00:00
"C000593","First 000593","Last 000593","M",1971-08-17 00:00:00
"C000594","First 000594","Last 000594","F",1971-08-18 00:00:00
"C000595","First 000595","Last 000595","M",1971-08-19 00:00:00
"C000596","First 000596","Last 000596","F",1971-08-20 00:00:00
"C000597","First 000597","Last 000597","M",1971-08-21 00:00:00
"C000598","First 000598","Last 000598","F",1971-08-22 00:00:00
"C000599","First 000599","Last 000599","M",1971-08-23 00:00:00
"C000600","First 000600","Last 000600","F",1971-08-24 00:00:00
"C000601","First 000601","Last 000601","M",1971-08-25 00:00:00
"C000602","First 000602","Last 000602","F",1971-08-26 00:00:00
"C000603","First 000603","Last 000603","M",1971-08-27 00:00:00
"C000604","First 000604","Last 000604","F",1971-08-28 00:00:00
"C000605","First 000605","Last 000605","M",1971-08-29 00:00:00
"C000606","First 000606","Last 000606","F",1971-08-30 00:00:00
"C000607","First 000607","Last 000607","M",1971-08-31 00:00:00
"C000608","First 000608","Last 000608","F",1971-09-01 00:00:00
"C000609","First 000609","Last 000609","M",1971-09-02 00:00:00
"C000610","First 000610","Last 000610","F",1971-09-03 00:00:00
"C000611","First 000611","Last 000611","M",1971-09-04 00:00:00
"C000612","First 000612","Last 000612","F",1971-09-05 00:00:00
"C000613","First 000613","Last 000613","M",1971-09-06 00:00:00
"C000614","First 000614","Last 000614","F",1971-09-07 00:00:00
"C000615","First 000615","Last 000615","M",1971-09-08 00:00:00
"C000616","First 000616","Last 000616","F",1971-09-09 00:00:00
"C000617","First 000617","Last 000617","M",1971-09-10 00:00:00
"C000618","First 000618","Last 000618","F",1971-09-11 00:00:00
"C000619","First 000619","Last 000619","M",1971-09-12 00:00:00
"C000620","First 000620","Last 000620","F",1971-09-13 00:00:00
"C000621","First 000621","Last 000621","M",1971-09-14 00:00:00
"C000622","First 000622","Last 000622","F",1971-09-15 00:00:00
"C000623","First 000623","Last 000623","M",1971-09-16 00:00:00
"C000624","First 000624","Last 000624","F",1971-09-17 00:00:00
"C000625","First 000625","Last 000625","M",1971-09-18 00:00:00
"C000626","First 000626","Last 000626","F",1971-09-19 00:00:00
"C000627","First 000627","Last 000627","M",1971-09-20 00:00:00
"C000628","First 000628","Last 000628","F",1971-09-21 00:00:00
"C000629","First 000629","Last 000629","M",1971-09-22 00:00:00
"C000630","First 000630","Last 000630","F",1971-09-23 00:00:00
"C000631","First 000631","Last 000631","M",1971-09-24 00:00:00
"C000632","First 000632","Last 000632","F",1971-09-25 00:00:00
"C000633","First 000633","Last 000633","M",1971-09-26 00:00:00
"C000634","First 000634","Last 000634","F",1971-09-27 00:00:00
"C000635","First 000635","Last 000635","M",1971-09-28 00:00:00
"C000636","First 000636","Last 000636","F",1971-09-29 00:00:00
"C000637","First 000637","Last 000637","M",1971-09-30 00:00:00
"C000638","First 000638","Last 000638","F",1971-10-01 00:00:00
"C000639","First 000639","Last 000639","M",1971-10-02 00:00:00
"C000640","First 000640","Last 000640","F",1971-10-03 00:00:00
"C000641","First 000641","Last 000641","M",1971-10-04 00:00:00
"C000642","First 000642","Last 000642","F",1971-10-05 00:00:00
"C000643","First 000643","Last 000643","M",1971-10-06 00:00:00
"C000644","First 000644","Last 000644","F",1971-10-07 00:00:00
"C000645","First 000645","Last 000645","M",1971-10-08 00:00:00
"C000646","First 000646","Last 000646","F",1971-10-09 00:00:00
"C000647","First 000647","Last 000647","M",1971-10-10 00:00:00
"C000648","First 000648","Last 000648","F",1971-10-11 00:00:00
"C000649","First 000649","Last 000649","M",1971-10-12 00:00:00
"C000650","First 000650","Last 000650","F",1971-10-13 00:00:00
"C000651","First 000651","Last 000651","M",1971-10-14 00:00:00
"C000652","First 000652","Last 000652","F",1971-10-15 00:00:00
"C000653","First 000653","Last 000653","M",1971-10-16 00:00:00
"C000654","First 000654","Last 000654","F",1971-10-17 00:00:00
"C000655","First 000655","Last 000655","M",1971-10-18 00:00:00
"C000656","First 000656","Last 000656","F",1971-10-19 00:00:00
"C000657","First 000657","Last 000657","M",1971-10-20 00:00:00
"C000658","First 000658","Last 000658","F",1971-10-21 00:00:00
"C000659","First 000659","Last 000659","M",1971-10-22 00:00:00
"C000660","First 000660","Last 000660","F",1971-10-23 00:00:00
"C000661","First 000661","Last 000661","M",1971-10-24 00:00:00
"C000662","First 000662","Last 000662","F",1971-10-25 00:00:00
"C000663","First 000663","Last 000663","M",1971-10-26 00:00:00
"C000664","First 000664","Last 000664","F",1971-10-27 00:00:00
"C000665","First 000665","Last 000665","M",1971-10-28 00:00:00
"C000666","First 000666","Last 000666","F",1971-10-29 00:00:00
"C000667","First 000667","Last 000667","M",1971-10-30 00:00:00
"C000668","First 000668","Last 000668","F",1971-10-31 00:00:00
"C000669","First 000669","Last 000669","M",1971-11-01 00:00:00
"C000670","First 000670","Last 000670","F",1971-11-02 00:00:00
"C000671","First 000671","Last 000671","M",1971-11-03 00:00:00
"C000672","First 000672","Last 000672","F",1971-11-04 00:00:00
"C000673","First 000673","Last 000673","M",1971-11-05 00:00:00
"C000674","First 000674","Last 000674","F",1971-11-06 00:00:00
"C000675","First 000675","Last 000675","M",1971-11-07 00:00:00
"C000676","First 000676","Last 000676","F",1971-11-08 00:00:00
"C000677","First 000677","Last 000677","M",1971-11-09 00:00:00
"C000678","First 000678","Last 000678","F",1971-11-10 00:00:00
"C000679","First 000679","Last 000679","M",1971-11-11 00:00:00
"C000680","First 000680","Last 000680","F",1971-11-12 00:00:00
"C000681","First 000681","Last 000681","M",1971-11-13 00:00:00
"C000682","First 000682","Last 000682","F",1971-11-14 00:00:00
"C000683","First 000683","Last 000683","M",1971-11-15 00:00:00
"C000684","First 000684","Last 000684","F",1971-11-16 00:00:00
"C000685","First 000685","Last 000685","M",1971-11-17 00:00:00
"C000686","First 000686","Last 000686","F",1971-11-18 00:00:00
"C000687","First 000687","Last 000687","M",1971-11-19 00:00:00
"C000688","First 000688","Last 000688","F",1971-11-20 00:00:00
"C000689","First 000689","Last 000689","M",1971-11-21 00:00:00
"C000690","First 000690","Last 000690","F",1971-11-22 00:00:00
"C000691","First 000691","Last 000691","M",1971-11-23 00:00:00
"C000692","First 000692","Last 000692","F",1971-11-24 00:00:00
"C000693","First 000693","Last 000693","M",1971-11-25 00:00:00
"C000694","First 000694","Last 000694","F",1971-11-26 00:00:00
"C000695","First 000695","Last 000695","M",1971-11-27 00:00:00
"C000696","First 000696","Last 000696","F",1971-11-28 00:00:00
"C000697","First 000697","Last 000697","M",1971-11-29 00:00:00
"C000698","First 000698","Last 000698","F",1971-11-30 00:00:00
"C000699","First 000699","Last 000699","M",1971-12-01 00:00:00
"C000700","First 000700","Last 000700","F",1971-12-02 00:00:00
"C000701","First 000701","Last 000701","M",1971-12-03 00:00:00
"C000702","First 000702","Last 000702","F",1971-12-04 00:00:00
"C000703","First 000703","Last 000703","M",1971-12-05 00:00:00
"C000704","First 000704","Last 000704","F",1971-12-06 00:00:00
"C000705","First 000705","Last 000705","M",1971-12-07 00:00:00
"C000706","First 000706","Last 000706","F",1971-12-08 00:00:00
"C000707","First 000707","Last 000707","M",1971-12-09 00:00:00
"C000708","First 000708","Last 000708","F",1971-12-10 00:00:00
"C000709","First 000709","Last 000709","M",1971-12-11 00:00:00
"C000710","First 000710","Last 000710","F",1971-12-12 00:00:00
"C000711","First 000711","Last 000711","M",1971-12-13 00:00:00
"C000712","First 000712","Last 000712","F",1971-12-14 00:00:00
"C000713","First 000713","Last 000713","M",1971-12-15 00:00:00
"C000714","First 000714","Last 000714","F",1971-12-16 00:00:00
"C000715","First 000715","Last 000715","M",1971-12-17 00:00:00
"C000716","First 000716","Last 000716","F",1971-12-18 00:00:00
"C000717","First 000717","Last 000717","M",1971-12-19 00:00:00
"C000718","First 000718","Last 000718","F",1971-12-20 00:00:00
"C000719","First 000719","Last 000719","M",1971-12-21 00:00:00
"C000720","First 000720","Last 000720","F",1971-12-22 00:00:00
"C000721","First 000721","Last 000721","M",1971-12-23 00:00:00
"C000722","First 000722","Last 000722","F",1971-12-24 00:00:00
"C000723","First 000723","Last 000723","M",1971-12-25 00:00:00
"C000724","First 000724","Last 000724","F",1971-12-26 00:00:00
"C000725","First 000725","Last 000725","M",1971-12-27 00:00:00
"C000726","First 000726","Last 000726","F",1971-12-28 00:00:00
"C000727","First 000727","Last 000727","M",1971-12-29 00:00:00
"C000728","First 000728","Last 000728","F",1971-12-30 00:00:00
"C000729","First 000729","Last 000729","M",1971-12-31 00:00:00
"C000730","First 000730","Last 000730","F",1972-01-01 00:00:00
"C000731","First 000731","Last 000731","M",1972-01-02 00:00:00
"C000732","First 000732","Last 000732","F",1972-01-03 00:00:00
"C000733","First 000733","Last 000733","M",1972-01-04 00:00:00
"C000734","First 000734","Last 000734","F",1972-01-05 00:00:00
"C000735","First 000735","Last 000735","M",1972-01-06 00:00:00
"C000736","First 000736","Last 000736","F",1972-01-07 00:00:00
"C000737","First 000737","Last 000737","M",1972-01-08 00:00:00
"C000738","First 000738","Last 000738","F",1972-01-09 00:00:00
"C000739","First 000739","Last 000739","M",1972-01-10 00:00:00
"C000740","First 000740","Last 000740","F",1972-01-11 00:00:00
"C000741","First 000741","Last 000741","M",1972-01-12 00:00:00
"C000742","First 000742","Last 000742","F",1972-01-13 00:00:00
"C000743","First 000743","Last 000743","M",1972-01-14 00:00:00
"C000744","First 000744","Last 000744","F",1972-01-15 00:00:00
"C000745","First 000745","Last 000745","M",1972-01-16 00:00:00
"C000746","First 000746","Last 000746","F",1972-01-17 00:00:00
"C000747","First 000747","Last 000747","M",1972-01-18 00:00:00
"C000748","First 000748","Last 000748","F",1972-01-19 00:00:00
"C000749","First 000749","Last 000749","M",1972-01-20 00:00:00
"C000750","First 000750","Last 000750","F",1972-01-21 00:00:00
"C000751","First 000751","Last 000751","M",1972-01-22 00:00:00
"C000752","First 000752","Last 000752","F",1972-01-23 00:00:00
"C000753","First 000753","Last 000753","M",1972-01-24 00:00:00
"C000754","First 000754","Last 000754","F",1972-01-25 00:00:00
"C000755","First 000755","Last 000755","M",1972-01-26 00:00:00
"C000756","First 000756","Last 000756","F",1972-01-27 00:00:00
"C000757","First 000757","Last 000757","M",1972-01-28 00:00:00
"C000758","First 000758","Last 000758","F",1972-01-29 00:00:00
"C000759","First 000759","Last 000759","M",1972-01-30 00:00:00
"C000760","First 000760","Last 000760","F",1972-01-31 00:00:00
"C000761","First 000761","Last 000761","M",1972-02-01 00:00:00
"C000762","First 000762","Last 000762","F",1972-02-02 00:00:00
"C000763","First 000763","Last 000763","M",1972-02-03 00:00:00
"C000764","First 000764","Last 000764","F",1972-02-04 00:00:00
"C000765","First 000765","Last 000765","M",1972-02-05 00:00:00
"C000766","First 000766","Last 000766","F",1972-02-06 00:00:00
"C000767","First 000767","Last 000767","M",1972-02-07 00:00:00
"C000768","First 000768","Last 000768","F",1972-02-08 00:00:00
"C000769","First 000769","Last 000769","M",1972-02-09 00:00:00
"C000770","First 000770","Last 000770","F",1972-02-10 00:00:00
"C000771","First 000771","Last 000771","M",1972-02-11 00:00:00
"C000772","First 000772","Last 000772","F",1972-02-12 00:00:00
"C000773","First 000773","Last 000773","M",1972-02-13 00:00:00
"C000774","First 000774","Last 000774","F",1972-02-14 00:00:00
"C000775","First 000775","Last 000775","M",1972-02-15 00:00:00
"C000776","First 000776","Last 000776","F",1972-02-16 00:00:00
"C000777","First 000777","Last 000777","M",1972-02-17 00:00:00
"C000778","First 000778","Last 000778","F",1972-02-18 00:00:00
"C000779","First 000779","Last 000779","M",1972-02-19 00:00:00
"C000780","First 000780","Last 000780","F",1972-02-20 00:00:00
"C000781","First 000781","Last 000781","M",1972-02-21 00:00:00
"C000782","First 000782","Last 000782","F",1972-02-22 00:00:00
"C000783","First 000783","Last 000783","M",1972-02-23 00:00:00
"C000784","First 000784","Last 000784","F",1972-02-24 00:00:00
"C000785","First 000785","Last 000785","M",1972-02-25 00:00:00
"C000786","First 000786","Last 000786","F",1972-02-26 00:00:00
"C000787","First 000787","Last 000787","M",1972-02-27 00:00:00
"C000788","First 000788","Last 000788","F",1972-02-28 00:00:00
"C000789","First 000789","Last 000789","M",1972-02-29 00:00:00
"C000790","First 000790","Last 000790","F",1972-03-01 00:00:00
"C000791","First 000791","Last 000791","M",1972-03-02 00:00:00
"C000792","First 000792","Last 000792","F",1972-03-03 00:00:00
"C000793","First 000793","Last 000793","M",1972-03-04 00:00:00
"C000794","First 000794","Last 000794","F",1972-03-05 00:00:00
"C000795","First 000795","Last 000795","M",1972-03-06 00:00:00
"C000796","First 000796","Last 000796","F",1972-03-07 00:00:00
"C000797","First 000797","Last 000797","M",1972-03-08 00:00:00
"C000798","First 000798","Last 000798","F",1972-03-09 00:00:00
"C000799","First 000799","Last 000799","M",1972-03-10 00:00:00
"C000800","First 000800","Last 000800","F",1972-03-11 00:00:00
"C000801","First 000801","Last 000801","M",1972-03-12 00:00:00
"C000802","First 000802","Last 000802","F",1972-03-13 00:00:00
"C000803","First 000803","Last 000803","M",1972-03-14 00:00:00
"C000804","First 000804","Last 000804","F",1972-03-15 00:00:00
"C000805","First 000805","Last 000805","M",1972-03-16 00:00:00
"C000806","First 000806","Last 000806","F",1972-03-17 00:00:00
"C000807","First 000807","Last 000807","M",1972-03-18 00:00:00
"C000808","First 000808","Last 000808","F",1972-03-19 00:00:00
"C000809","First 000809","Last 000809","M",1972-03-20 00:00:00
"C000810","First 000810","Last 000810","F",1972-03-21 00:00:00
"C000811","First 000811","Last 000811","M",1972-03-22 00:00:00
"C000812","First 000812","Last 000812","F",1972-03-23 00:00:00
"C000813","First 000813","Last 000813","M",1972-03-24 00:00:00
"C000814","First 000814","Last 000814","F",1972-03-25 00:00:00
"C000815","First 000815","Last 000815","M",1972-03-26 00:00:00
"C000816","First 000816","Last 000816","F",1972-03-27 00:00:00
"C000817","First 000817","Last 000817","M",1972-03-28 00:00:00
"C000818","First 000818","Last 000818","F",1972-03-29 00:00:00
"C000819","First 000819","Last 000819","M",1972-03-30 00:00:00
"C000820","First 000820","Last 000820","F",1972-03-31 00:00:00
"C000821","First 000821","Last 000821","M",1972-04-01 00:00:00
"C000822","First 000822","Last 000822","F",1972-04-02 00:00:00
"C000823","First 000823","Last 000823","M",1972-04-03 00:00:00
"C000824","First 000824","Last 000824","F",1972-04-04 00:00:00
"C000825","First 000825","Last 000825","M",1972-04-05 00:00:00
"C000826","First 000826","Last 000826","F",1972-04-06 00:00:00
"C000827","First 000827","Last 000827","M",1972-04-07 00:00:00
"C000828","First 000828","Last 000828","F",1972-04-08 00:00:00
"C000829","First 000829","Last 000829","M",1972-04-09 00:00:00
"C000830","First 000830","Last 000830","F",1972-04-10 00:00:00
"C000831","First 000831","Last 000831","M",1972-04-11 00:00:00
"C000832","First 000832","Last 000832","F",1972-04-12 00:00:00
"C000833","First 000833","Last 000833","M",1972-04-13 00:00:00
"C000834","First 000834","Last 000834","F",1972-04-14 00:00:00
"C000835","First 000835","Last 000835","M",1972-04-15 00:00:00
"C000836","First 000836","Last 000836","F",1972-04-16 00:00:00
"C000837","First 000837","Last 000837","M",1972-04-17 00:00:00
"C000838","First 000838","Last 000838","F",1972-04-18 00:00:00
"C000839","First 000839","Last 000839","M",1972-04-19 00:00:00
"C000840","First 000840","Last 000840","F",1972-04-20 00:00:00
"C000841","First 000841","Last 000841","M",1972-04-21 00:00:00
"C000842","First 000842","Last 000842","F",1972-04-22 00:00:00
"C000843","First 000843","Last 000843","M",1972-04-23 00:00:00
"C000844","First 000844","Last 000844","F",1972-04-24 00:00:00
"C000845","First 000845","Last 000845","M",1972-04-25 00:00:00
"C000846","First 000846","Last 000846","F",1972-04-26 00:00:00
"C000847","First 000847","Last 000847","M",1972-04-27 00:00:00
"C000848","First 000848","Last 000848","F",1972-04-28 00:00:00
"C000849","First 000849","Last 000849","M",1972-04-29 00:00:00
"C000850","First 000850","Last 000850","F",1972-04-30 00:00:00
"C000851","First 000851","Last 000851","M",1972-05-01 00:00:00
"C000852","First 000852","Last 000852","F",1972-05-02 00:00:00
"C000853","First 000853","Last 000853","M",1972-05-03 00:00:00
"C000854","First 000854","Last 000854","F",1972-05-04 00:00:00
"C000855","First 000855","Last 000855","M",1972-05-05 00:00:00
"C000856","First 000856","Last 000856","F",1972-05-06 00:00:00
"C000857","First 000857","Last 000857","M",1972-05-07 00:00:00
"C000858","First 000858","Last 000858","F",1972-05-08 00:00:00
"C000859","First 000859","Last 000859","M",1972-05-09 00:00:00
"C000860","First 000860","Last 000860","F",1972-05-10 00:00:00
"C000861","First 000861","Last 000861","M",1972-05-11 00:00:00
"C000862","First 000862","Last 000862","F",1972-05-12 00:00:00
"C000863","First 000863","Last 000863","M",1972-05-13 00:00:00
"C000864","First 000864","Last 000864","F",1972-05-14 00:00:00
"C000865","First 000865","Last 000865","M",1972-05-15 00:00:00
"C000866","First 000866","Last 000866","F",1972-05-16 00:00:00
"C000867","First 000867","Last 000867","M",1972-05-17 00:00:00
"C000868","First 000868","Last 000868","F",1972-05-18 00:00:00
"C000869","First 000869","Last 000869","M",1972-05-19 00:00:00
"C000870","First 000870","Last 000870","F",1972-05-20 00:00:00
"C000871","First 000871","Last 000871","M",1972-05-21 00:00:00
"C000872","First 000872","Last 000872","F",1972-05-22 00:00:00
"C000873","First 000873","Last 000873","M",1972-05-23 00:00:00
"C000874","First 000874","Last 000874","F",1972-05-24 00:00:00
"C000875","First 000875","Last 000875","M",1972-05-25 00:00:00
"C000876","First 000876","Last 000876","F",1972-05-26 00:00:00
"C000877","First 000877","Last 000877","M",1972-05-27 00:00:00
"C000878","First 000878","Last 000878","F",1972-05-28 00:00:00
"C000879","First 000879","Last 000879","M",1972-05-29 00:00:00
"C000880","First 000880","Last 000880","F",1972-05-30 00:00:00
"C000881","First 000881","Last 000881","M",1972-05-31 00:00:00
"C000882","First 000882","Last 000882","F",1972-06-01 00:00:00
"C000883","First 000883","Last 000883","M",1972-06-02 00:00:00
"C000884","First 000884","Last 000884","F",1972-06-03 00:00:00
"C000885","First 000885","Last 000885","M",1972-06-04 00:00:00
"C000886","First 000886","Last 000886","F",1972-06-05 00:00:00
"C000887","First 000887","Last 000887","M",1972-06-06 00:00:00
"C000888","First 000888","Last 000888","F",1972-06-07 00:00:00
"C000889","First 000889","Last 000889","M",1972-06-08 00:00:00
"C000890","First 000890","Last 000890","F",1972-06-09 00:00:00
"C000891","First 000891","Last 000891","M",1972-06-10 00:00:00
"C000892","First 000892","Last 000892","F",1972-06-11 00:00:00
"C000893","First 000893","Last 000893","M",1972-06-12 00:00:00
"C000894","First 000894","Last 000894","F",1972-06-13 00:00:00
"C000895","First 000895","Last 000895","M",1972-06-14 00:00:00
"C000896","First 000896","Last 000896","F",1972-06-15 00:00:00
"C000897","First 000897","Last 000897","M",1972-06-16 00:00:00
"C000898","First 000898","Last 000898","F",1972-06-17 00:00:00
"C000899","First 000899","Last 000899","M",1972-06-18 00:00:00
"C000900","First 000900","Last 000900","F",1972-06-19 00:00:00
"C000901","First 000901","Last 000901","M",1972-06-20 00:00:00
"C000902","First 000902","Last 000902","F",1972-06-21 00:00:00
"C000903","First 000903","Last 000903","M",1972-06-22 00:00:00
"C000904","First 000904","Last 000904","F",1972-06-23 00:00:00
"C000905","First 000905","Last 000905","M",1972-06-24 00:00:00
"C000906","First 000906","Last 000906","F",1972-06-25 00:00:00
"C000907","First 000907","Last 000907","M",1972-06-26 00:00:00
"C000908","First 000908","Last 000908","F",1972-06-27 00:00:00
"C000909","First 000909","Last 000909","M",1972-06-28 00:00:00
"C000910","First 000910","Last 000910","F",1972-06-29 00:00:00
"C000911","First 000911","Last 000911","M",1972-06-30 00:00:00
"C000912","First 000912","Last 000912","F",1972-07-01 00:00:00
"C000913","First 000913","Last 000913","M",1972-07-02 00:00:00
"C000914","First 000914","Last 000914","F",1972-07-03 00:00:00
"C000915","First 000915","Last 000915","M",1972-07-04 00:00:00
"C000916","First 000916","Last 000916","F",1972-07-05 00:00:00
"C000917","First 000917","Last 000917","M",1972-07-06 00:00:00
"C000918","First 000918","Last 000918","F",1972-07-07 00:00:00
"C000919","First 000919","Last 000919","M",1972-07-08 00:00:00
"C000920","First 000920","Last 000920","F",1972-07-09 00:00:00
"C000921","First 000921","Last 000921","M",1972-07-10 00:00:00
"C000922","First 000922","Last 000922","F",1972-07-11 00:00:00
"C000923","First 000923","Last 000923","M",1972-07-12 00:00:00
"C000924","First 000924","Last 000924","F",1972-07-13 00:00:00
"C000925","First 000925","Last 000925","M",1972-07-14 00:00:00
"C000926","First 000926","Last 000926","F",1972-07-15 00:00:00
"C000927","First 000927","Last 000927","M",1972-07-16 00:00:00
"C000928","First 000928","Last 000928","F",1972-07-17 00:00:00
"C000929","First 000929","Last 000929","M",1972-07-18 00:00:00
"C000930","First 000930","Last 000930","F",1972-07-19 00:00:00
"C000931","First 000931","Last 000931","M",1972-07-20 00:00:00
"C000932","First 000932","Last 000932","F",1972-07-21 00:00:00
"C000933","First 000933","Last 000933","M",1972-07-22 00:00:00
"C000934","First 000934","Last 000934","F",1972-07-23 00:00:00
"C000935","First 000935","Last 000935","M",1972-07-24 00:00:00
"C000936","First 000936","Last 000936","F",1972-07-25 00:00:00
"C000937","First 000937","Last 000937","M",1972-07-26 00:00:00
"C000938","First 000938","Last 000938","F",1972-07-27 00:00:00
"C000939","First 000939","Last 000939","M",1972-07-28 00:00:00
"C000940","First 000940","Last 000940","F",1972-07-29 00:00:00
"C000941","First 000941","Last 000941","M",1972-07-30 00:00:00
"C000942","First 000942","Last 000942","F",1972-07-31 00:00:00
"C000943","First 000943","Last 000943","M",1972-08-01 00:00:00
"C000944","First 000944","Last 000944","F",1972-08-02 00:00:00
"C000945","First 000945","Last 000945","M",1972-08-03 00:00:00
"C000946","First 000946","Last 000946","F",1972-08-04 00:00:00
"C000947","First 000947","Last 000947","M",1972-08-05 00:00:00
"C000948","First 000948","Last 000948","F",1972-08-06 00:00:00
"C000949","First 000949","Last 000949","M",1972-08-07 00:00:00
"C000950","First 000950","Last 000950","F",1972-08-08 00:00:00
"C000951","First 000951","Last 000951","M",1972-08-09 00:00:00
"C000952","First 000952","Last 000952","F",1972-08-10 00:00:00
"C000953","First 000953","Last 000953","M",1972-08-11 00:00:00
"C000954","First 000954","Last 000954","F",1972-08-12 00:00:00
"C000955","First 000955","Last 000955","M",1972-08-13 00:00:00
"C000956","First 000956","Last 000956","F",1972-08-14 00:00:00
"C000957","First 000957","Last 000957","M",1972-08-15 00:00:00
"C000958","First 000958","Last 000958","F",1972-08-16 00:00:00
"C000959","First 000959","Last 000959","M",1972-08-17 00:00:00
"C000960","First 000960","Last 000960","F",1972-08-18 00:00:00
"C000961","First 000961","Last 000961","M",1972-08-19 00:00:00
"C000962","First 000962","Last 000962","F",1972-08-20 00:00:00
"C000963","First 000963","Last 000963","M",1972-08-21 00:00:00
"C000964","First 000964","Last 000964","F",1972-08-22 00:00:00
"C000965","First 000965","Last 000965","M",1972-08-23 00:00:00
"C000966","First 000966","Last 000966","F",1972-08-24 00:00:00
"C000967","First 000967","Last 000967","M",1972-08-25 00:00:00
"C000968","First 000968","Last 000968","F",1972-08-26 00:00:00
"C000969","First 000969","Last 000969","M",1972-08-27 00:00:00
"C000970","First 000970","Last 000970","F",1972-08-28 00:00:00
"C000971","First 000971","Last 000971","M",1972-08-29 00:00:00
"C000972","First 000972","Last 000972","F",1972-08-30 00:00:00
"C000973","First 000973","Last 000973","M",1972-08-31 00:00:00
"C000974","First 000974","Last 000974","F",1972-09-01 00:00:00
"C000975","First 000975","Last 000975","M",1972-09-02 00:00:00
"C000976","First 000976","Last 000976","F",1972-09-03 00:00:00
"C000977","First 000977","Last 000977","M",1972-09-04 00:00:00
"C000978","First 000978","Last 000978","F",1972-09-05 00:00:00
"C000979","First 000979","Last 000979","M",1972-09-06 00:00:00
"C000980","First 000980","Last 000980","F",1972-09-07 00:00:00
"C000981","First 000981","Last 000981","M",1972-09-08 00:00:00
"C000982","First 000982","Last 000982","F",1972-09-09 00:00:00
"C000983","First 000983","Last 000983","M",1972-09-10 00:00:00
"C000984","First 000984","Last 000984","F",1972-09-11 00:00:00
"C000985","First 000985","Last 000985","M",1972-09-12 00:00:00
"C000986","First 000986","Last 000986","F",1972-09-13 00:00:00
"C000987","First 000987","Last 000987","M",1972-09-14 00:00:00
"C000988","First 000988","Last 000988","F",1972-09-15 00:00:00
"C000989","First 000989","Last 000989","M",1972-09-16 00:00:00
"C000990","First 000990","Last 000990","F",1972-09-17 00:00:00
"C000991","First 000991","Last 000991","M",1972-09-18 00:00:00
"C000992","First 000992","Last 000992","F",1972-09-19 00:00:00
"C000993","First 000993","Last 000993","M",1972-09-20 00:00:00
"C000994","First 000994","Last 000994","F",1972-09-21 00:00:00
"C000995","First 000995","Last 000995","M",1972-09-22 00:00:00
"C000996","First 000996","Last 000996","F",1972-09-23 00:00:00
"C000997","First 000997","Last 000997","M",1972-09-24 00:00:00
"C000998","First 000998","Last 000998","F",1972-09-25 00:00:00
"C000999","First 000999","Last 000999","M",1972-09-26 00:00:00
"C001000","First 001000","Last 001000","F",1972-09-27 00:00:00


